{
    "a": 1.122332,
    "b": 6.7786445
}